Compound (Metabolite) 	METABOLIC PATHWAY	49-gem-Day1-OEA078	97-fem-Day3-OEA140	97-fem-Day3-OEA088	65-fem-Day2-OEA068	89-gem-Day3-OEA113	97-glp-Day3-OEA038	89-fem-Day3-OEA129	97-gem-Day3-OEA087	41-gem-Day1-OEA116	49-glp-Day1-OEA044	137-gem-Day5-OEA110	117-fem-Day4-OEA091	89-gem-Day3-OEA128	89-fem-Day3-OEA072	97-glp-Day3-OEA051	97-fem-Day3-OEA133	257-gem-Day10-OEA142	41-glp-Day1-OEA061	65-gem-Day2-OEA080	73-fem-Day2-OEA105	137-gem-Day5-OEA094	97-gem-Day3-OEA132	41-glp-Day1-OEA040	137-fem-Day5-OEA074	65-gem-Day2-OEA122	49-gem-Day1-OEA107	41-gem-Day1-OEA135	73-fem-Day2-OEA070	89-gem-Day3-OEA085	49-glp-Day1-OEA065	41-fem-Day1-OEA136	73-gem-Day2-OEA082	49-fem-Day1-OEA079	73-gem-Day2-OEA104	257-gem-Day10-OEA144	49-fem-Day1-OEA098	49-glp-Day1-OEA054	41-gem-Day1-OEA092	73-glp-Day3-OEA046	65-gem-Day2-OEA100	65-fem-Day2-OEA123	137-fem-Day5-OEA141	73-gem-Day2-OEA075	89-glp-Day3-OEA084	41-fem-Day1-OEA117	73-glp-Day2-OEA055	89-fem-Day3-OEA127	65-glp-Day2-OEA039	117-gem-Day4-OEA090	257-fem-Day10-OEA145	89-glp-Day3-OEA071	73-fem-Day2-OEA083	65-glp-Day2-OEA067	117-gem-Day4-OEA106	117-fem-Day4-OEA073	97-gem-Day3-OEA115	257-fem-Day10-OEA143	49-gem-Day1-OEA097	65-glp-Day2-OEA134	89-glp-Day3-OEA047	65-fem-Day2-OEA101	49-fem-Day1-OEA066	41-fem-Day1-OEA093	41-glp-Day1-OEA052	73-glp-Day2-OEA043
Pyruvate (87.0 / 43.0)	Glycolysis/amino acids metabolism	177674		43841		48636			3415280	110547	39751	85693	56727	59927	49015	170757	42874	947943	655351		203304	49669	69051	967282	322472	53374	75099	874171		54780	339937	157710	56896	58130	177838	2758152	118957	99093	208148	66982	346107	78663	43593	1113914	90699	47164	78076	31453	57465	103041	2184963	265264	189601	321075	415507	132508	165357	537851	189614	163968	113771	355000	269893	124626	191697	92293
lactate (89.0 / 43.0)	Glycolysis/TCA	1389694	8239969	3606081	9312611	5170059	3003772	10312993	13826424	1524437	2650554	4244550	6752626	6803108	8442711	3617707	8205811	15227888	2075231	2017965	10146000	5297350	10480530	3132414	8855010	4554571	1744796	2533270	8276861	5256767	4166392	2718970	5458256	3044154	5140760	15848032	5555326	4801957	1037385	3380114	8491728	7658898	4465887	4660183	6183144	2198749	3522541	7152293	3606494	4615814	14599177	13010612	10715104	17977818	10328065	10499746	11040911	4589008	2465319	7870304	3464402	7900375	8915895	5152165	3724255	2700900
Oxalacetate (131.0 / 113.0)	Glycolysis	3989372	11180854	7246103	10823102	10870214	8001974	11155605	9218463	8129228	6937707	9048462	6077548	4629288	9539109	8786970	9709818	86387	8451069	8970110	17223920	4648822	6243684	4477965	3897987	11376290	6624303	9970014	11310331	11601642	5885529	7505960	9571768	8739112	14370560	112486	11238571	10506787	5033247	9800436	11422439	15117380	4470883	3780845	13963364	9764752	7952291	9357101	10778174	11176388	641441	15780682	14408632	19544782	18256977	7897297	13693483	48305	5081810	14614616	11071349	13262781	10102146	17386349	9884766	7603032
PEP (167.0 / 79.0)	Glycolosis	43112	396330	161930	424582	208625	353420	517192	203706	61260	610791	307001	267873	763001	401812	4931969	497572	154458	286589	149055	62441224	498709	701750	3221469	210525	366588	8181898	397132	724618	733969	5450321	252341	2998643	206688	29977086	291168	28259784	1633863	198938	518748	22555561	368346	292157	138677	589580	133095	411169	734378	2271085	372816	104427	1046830	36170580	5123675	45720072	867193	1245015	56663	11038196	986404	2360536	33753293	13933723	805478	4058516	1311672
DHAP (167.0 / 79.0 (2))	Glycolysis/Glycogenesis		89392		108155	57876	77592	99787	65373		101145	76219	71977	114865	107095	655490	88902	74511	60939	37095	8108663	131468	108245	407273	65501	81078	1092078	68321	125205	138504	765088	54939	482721	51014	3747352	84242	4146484	257534	56203	121590	2729009	90284	79458	69014	105291		100249	139652	357609	83686	56078	187207	5731145	727508	6208892	160609	201092		1612181	204158	351491	4912619	2198707	120862	615192	229047
D-GA3P (167.0 / 97.0)	Glycolysis/Glycogenesis	279076	1994347	711820	1863050	1383632	397967	2420618	283411	577379	699528	1101286	303914	2899327	1881984	784398	2508165	1012146	703798	531732	1793078	955842	4259279	565504	1521925	1235815	727787	798223	1326092	1278369	1102482	497807	1587472	250186	2078832	553603	966338	1914097	449771	1054100	2309195	941478	1833338	635639	1184761	454887	648372	2314759	1478297	934546	274715	2101224	1959630	3341865	1547920	2210116	3188231	501713	754195	3429820	1228560	1149939	1206230	1180775	1026656	783991
Glucose (179.0 / 89.0)	Glycolysis/sugar	8594605	60050352	43822018	72182969	41437589	35907587	86570496	71836758	10408464	15421266	82265168	74632218	62432979	70165087	34581295	80038297	43067346	14670504	18287122	38510357	55904837	98691382	6902472	63117897	25341048	8591236	13435523	51431245	55780734	18078631	8491948	34675288	19657121	20668102	53102961	22071379	33500895	7178016	33128171	33635903	40106899	39575093	36022152	62873640	11900839	26790403	43298356	38539274	57826082	2519207	89588840	37429303	82777971	48064051	73810783	74818547	274168	12529987	55506131	42452695	28314168	22709566	24227144	20271643	26568279
2/3-Phosphoglyceric Acid (185.0 / 97.0)	Glycolosis																				2935311						322357				216816				1007565		1122723				877355												2169650		2873810				654507			990586	489441			
G1P/G6P/F6P/F1P (259.0 / 97.0)	Glycolysis	3740200	57974008	33742736	115535886	41169320	27232201	132836222	38746348	4956954	14448337	74082847	62280652	121530483	82295770	62837864	127588077	32499455	9257206	15059345	795983205	63847527	208628238	18296470	59461765	27601322	40917929	8602775	79327432	80418396	51126122	8746300	90867882	14853409	724275174	37682336	141012404	75763510	5681496	43802124	563625544	49789370	65258690	32599138	104729004	8482397	43153744	98470255	65711161	62812025	6649867	183548287	286364543	240474123	758290614	142950807	156833350	4777614	178615517	106749762	99643756	404331886	106315235	58943052	63963896	40491101
F16BP/F26BP/G16BP (339.0 / 97.0)	Glycolysis																																																																	
Malonic Acid (103.0 / 41.0)	TCA Cycle																																																																	
3HBA (103.0 / 59.0)	TCA Cycle	489958	2401581	1109882	2504928	895687	719016	2773867	1058611	314811	524376	1131269	2012188	4546956	2669342	655649	2525430	16210001	350653	494454	1373265	4256043	6698243	333936	3274519	610574	265668	944248	1936251	990492	564796	945996	973601	615355	575142	7986539	703975	508657	538577	658347	844006	1182178	1390962	1484338	1290822	333544	719885	1806535	641434	911932	2061221	2438179	1947592	2463262	1316350	3031662	1870437	9492046	340072	1158517	695521	962197	1006287	730662	396277	409353
Fumaric Acid (115.0 / 71.0)	TCA Cycle																																																																	
Maleic Acid (115.0 / 71.0 (2))	TCA Cycle	2949311	2130477	2492317	3955280	2430535	2868275	3458214	2395011	2323652	2366003	2962329	3495835	3728840	3234825	2280397	2394580	2910397	3684497	1924815	2667797	3056470	1985272	1968886	2284819	2348589	1783339	2101917	3195628	2154401	1888130	1729252	2956735	2134242	1991141	2695651	2330262	1651201	3577070	1933294	3181163	2321337	1912956	1999172	1851198	1880347	1564429	2565948	2116520	1432944	1986602	4022304	1842125	2762663	2496344	3780438	2761375	3229077	2479022	1749571	2098944	1980649	1854700	2428652	2067144	2021421
Succite (117.0 / 73.0)	TCA Cycle	2019125	2160303	1856760	3864651	1919091	1543218	2846872	12587038	2043039	1674319	3062148	2468044	2818425	2713343	1311692	2876130	5538387	3049104	1448004	1093812	1907838	3594526	1031656	2689932	2831197	874009	2974212	2028372	2540667	1756919	1583967	2341980	2108782	992355	11763541	834768	2903668	2558896	1345304	1093427	2534557	1283492	3058348	2848997	1605166	1231109	1901985	1577893	1722210	34969879	2791294	1797692	5174018	2167333	2626084	3907250	1161847	638308	4632689	1205858	550673	2186570	3757457	1710258	968830
Malate (133.0 / 115.0)	TCA Cycle	5267641	69361000	21516545	123688153	41832503	26887257	161634492	80298054	7072671	5170930	128539764	86517043	128766418	112244600	70793280	145757430	38273715	7982149	5208681	51580036	94897245	182765108	18453232	110262004	18956965	16295786	7513748	67060669	98102632	31612943	5847577	69596748	7250533	30289191	86788556	43174749	36661784	5519935	22796464	32366611	41697402	74134414	45394066	114724831	8213771	21165859	119108133	57591848	77227973	65685835	152804019	140548508	163432052	76845778	129669868	146386279	7802158	15660461	84490207	93238557	30732667	89486919	40428532	31795199	22353115
Alpha-Ketoglutaric Acid (145.0 / 101.0)	TCA Cycle																																																																	
Aconitate (173.0 / 85.0)	TCA Cycle	280664	955424	580439	1471125	799407	493344	1277081	1050236	616067	457178	857392	777911	1399321	1117063	471264	1188009	387948	662190	578196	528613	596086	2026020	372430	482700	800093	273081	796681	1077557	878138	393147	649321	761546	705688	431148	264730	549891	790944	396024	719610	498405	1234544	361470	311577	1000748	771072	578008	856333	744071	769464	252657	1647668	647948	1738891	560430	898508	1277452	81275	285741	1273523	795708	565102	683673	1243320	589462	522388
Citric Acid (191.0 / 111.0)	TCA Cycle																																																																	
Glycine (76.0 / 30.1)	Amino Acid	57979	309478	185367	430991	205705	158043	446156	284279	106695	93358	263671	242570	393149	357896	169071	413600	150184	113085	107786	295152	197305	597332	76228	264220	171720	75361	142572	316301	233962	103593	106668	215419	132783	143496	115953	149015	179524	64340	176162	161532	264058	159785	98059	272590	116200	142545	243900	162762	209365	171069	494175	316291	518134	242804	320494	369344	84401	52651	306822	205954	182898	205043	247631	138615	119123
Sarcosine (90.0 / 44.0)	Amino Acid																																																																	
Alanine (90.0 / 44.0 (2))	Amino Acid	2516908	13678799	8227365	18270623	11576386	7927657	19181192	14624515	4221070	4853190	13677432	12136158	16561267	14775021	8678691	17296105	8255276	5589796	5577526	14253239	10370670	23024451	4026362	13903747	8564761	3693690	5942850	13263249	11301110	6038764	5170741	10730219	6640913	10292981	8132320	9357733	9450025	2919108	8461724	10728001	12412594	7808241	5886301	13228390	5143220	7773001	12731771	9056085	10140811	7115904	21796497	14911727	22862644	16227257	15603045	18063904	2024625	3803100	14736179	10572099	11220004	11086925	10446694	6375993	6551139
Cadaverine (103.0 / 86.0)	Amino Acid	75719	602094	102891	134838	191169	603764	719651	1831894	56965	36186	953053	360906	226131	325724	178969	763700	2245630	231106	45062	60007	563817	338210	458356	2779457	95981	58803	276556	63179	104158	297062	160505	65404	49723	25568	2848624	25966	101651	100458	78399	35849	76561	800825	1286202	124728	50058	149329	240619	67731	333389	3703021	136328	109022	27649	85582	354074	205121	1498922		117860	145506	21616	115224	70702	55272	37749
Serine (106.0 / 60.0 (2))	Amino Acid	3099242	11013371	6677272	17283480	9033843	6279306	15392665	11468224	5381220	5333368	10503367	8081443	14646281	11572396	6961218	13369754	5791120	6097665	5451300	10346172	7759198	20483426	3825172	7393148	8489143	4134649	6778714	11697195	9367547	4846947	5519732	8537640	6652573	7307960	4636452	7212916	8185318	3546431	7224248	7016776	12698246	5260659	4008636	10363358	6089633	6097673	9287456	7580093	8040701	5564854	15787740	10485314	17082269	10698355	9665893	13554465	1493872	2891655	12137124	7925014	7785349	8878473	11238505	6695794	5133278
Proline (116.0 / 70.0)	Amino Acid	6810809	11831501	6573280	24650701	10280400	4714148	14829070	15488670	16533642	9236508	7919409	6321377	14810889	11584260	3771872	12364696	6053668	14730774	7970571	2273356	5879887	23051026	4663803	5840043	14923341	2581852	18995896	14036120	8605005	4281950	13051411	7447065	14794959	1508820	5764930	2827012	12319492	9069489	7775617	1830379	23676703	3632631	3056619	8803419	15812725	5262442	8520495	7656868	7455598	12449112	14394783	4662993	14881815	2315010	8085824	13032572	1690246	1179039	17294398	5730176	1846844	6687451	22981794	7428812	4972380
5-Aminovaleric Acid (118.0 / 55.0)	Amino Acid		46956		62691		32021	65141		49275				63359	53940	26801	61598		32700		43580				37390			59629				37808		43953	51837		49018	37635			64894					62006					18897		36614	87437	58864				22466			46672		107631		
Valine (118.0 / 72.0)	Amino Acid	3095502	18910395	11271648	26141009	18606344	10523309	28166944	23132519	6981359	3927803	22748875	14950994	32837439	23053892	7634583	26163964	7548003	7082743	10958682	1947795	13117065	56472130	2419888	8809037	13855514	2208843	9231219	20360456	20263323	3618410	7193756	12176283	9156150	1306054	3769226	1376191	9086306	4187838	12264595	1116083	19712202	4423269	4809664	22539521	9143182	9825788	14702568	9679822	20071978	4332987	37193542	5362874	28376317	2513376	19761562	28597659	894032	503851	23567630	13463040	1258764	6359024	19729535	6817883	7773465
Threonine (120.0 / 74.0 (2))	Amino Acid	3337408	17254431	9714336	26846155	13735416	9793132	26071313	16621516	6244403	5922967	15914470	12680299	26025203	19937779	10503207	22735714	6664837	6715062	7491262	15844815	10627200	37414024	4220766	8268396	11384032	4985439	8342249	18652909	15531077	6194139	6212589	14132859	8549878	10455974	4177954	9576340	10266272	3944766	10713993	10118314	17165912	5076138	4172470	18323512	7305403	8568405	13569935	11148507	12642035	5268916	30466333	15950454	28900157	15143693	15367322	23131098	1228924	3292666	18134615	14286555	10617236	12394634	15507453	7991000	7157394
Cysteine (122.0 / 59.0)	Amino Acid									52720									20533			12749						38966			12808	27898							16265						15443					26873		35616	17182	28127	15878	24310	36179			45497			43030	74789	15391	
Pipecolate (130.0 / 84.0)	Amino Acid																																																																	
Leucine (132.0 / 86.0)	Amino Acid	15293106	48573661	30551672	62598641	42216700	30245860	62082759	49892914	29759274	21802013	47920522	37924377	63040394	52346323	33732289	56845642	19396145	29923578	27355233	45081720	35542370	79678495	17730477	25318933	38092798	17855434	35278482	48579626	44297501	20688009	28396890	40882533	31677242	37577051	13210388	31719156	31855143	19378690	32175662	39889774	46808707	14712863	14188839	47367863	32045353	27007551	37326169	32979532	39003750	14010583	65324437	45267873	63350379	49615235	43211978	58420373	2339618	15480607	49419037	37833259	36328089	34688909	48873501	27511081	23301660
iso-Leucine (132.0 / 86.0 (2))	Amino Acid	6096746	31600877	18763098	38543890	26144636	19139256	39656831	31528898	11245754	8277961	29079102	23782207	41415884	36376820	16385556	36872927	9446120	11848219	15664855	12764559	19814591	54784608	5193151	12661122	21050576	7555052	13743913	29902292	29346596	9231704	10747995	25883950	14314458	8473140	4254304	5865956	14725510	7405077	20108072	7705119	27213576	6728458	6951754	33334034	13013221	17017560	20646127	17806670	25827762	4007859	45352851	20068055	37744799	12286251	26022034	35019893	743961	2050778	27243005	22545166	8136505	15209969	25161452	11676873	13660964
Asparagine (133.0 / 74.0)	Amino Acid	1037400	3234132	2099106	3226798	2969839	2172178	3379633	2627763	2348045	1853505	2614101	1722610	1383705	2872323	2331247	3040717		2297077	2146208	5237363	1332088	2065791	1226402	1109442	3044998	1395961	2730656	2995075	3001322	1421111	2041891	2479423	2354723	3765456	33703	3220180	2902921	1351492	2409851	3186208	3917668	1087343	876922	3588521	2429540	1827366	2424155	2616065	2823021	142804	4836132	4298444	5727626	5272764	2316423	3864217		1270591	3832527	2682098	3608320	2914433	4448837	2507085	1831708
Tyramine (138.0 / 121.0)	Amino Acid	5497956	4539838	4989128	3929738	4758953	4768348	3850746	4180415	5048835	4738600	4432017	4300923	4147260	4211831	4159704	4041925	4915012	4876469	5113611	1570031	4408364	3662704	4271563	4538493	4658569	3753193	4768559	4193656	4037625	4249136	4776486	3849958	4564135	1569994	4565833	2082450	4249449	4848120	4352770	1341627	3801089	4461848	4582330	3816825	4545158	4305610	4015546	3882507	4131435	5220592	3370816	2485457	3099414	1512301	3821920	3474273	5353629	1987206	3691848	3751262	1164760	3227742	3853782	4014878	4141030
Glutamine (147.0 / 84.0)	Amino Acid	6732523	25041593	15326264	42849989	24850247	15321920	39509502	17065302	12597911	10937184	28084244	19945565	15571139	30121156	16229038	33369229	154769	11673463	15201683	8265857	12300720	29150074	7022688	11783967	21479742	9484836	12280927	30652954	29798005	10314972	12761655	26237608	16021311	12155679	400134	7117293	21165157	7911056	18946905	11663710	28855402	11079454	5718609	30359455	14361927	14969569	23103652	19728700	23298626	2696976	55378568	12154460	55068951	12347067	25144821	42664733	95464	5268771	33750967	23806818	7443485	19258185	30352347	16224350	13285846
Lysine (147.0 / 84.0 (2))	Amino Acid	21936956	81058318	46500030	122106469	69990478	44059299	111723125	83753049	47652593	36376170	72926408	63430547	110124859	88756427	45995801	99280198	28090146	48697554	42758547	66566724	50730550	150838790	27433268	40615934	67582756	23254199	57899437	89065222	75693893	35009234	44340024	67903134	55523018	46319774	17164103	50661617	61710084	29555688	55318767	54151818	91808090	26643445	18817325	82993719	51786373	45230606	70450769	58396747	61843186	18337854	121772021	71950496	133430361	61414359	72141778	104285930	4448613	23443629	96182651	57734585	58096234	65817630	87618620	44972061	38077671
Glutamic acid (148.0 / 84.0)	Amino Acid	6759191	24975781	15493800	39747752	18240006	11881733	37863202	33595601	12649690	10505300	30179916	23591723	57557521	28132819	14325027	34926829	15040857	13507849	11728432	49424013	27423530	75751527	7908162	18368795	18354069	13276823	19474649	27813648	25039380	15305375	8955228	23707682	13094837	35875229	12560863	33384791	18693478	7359587	14270856	39546454	27457873	17147485	11865504	22401745	10689236	11185122	25670556	17504484	21847692	13735340	36178923	51929469	41714042	53039535	29425258	36912780	1016492	17393112	28922786	20063626	36594424	31295786	23412989	15582004	11033982
Methionine (150.0 / 61.0)	Amino Acid	1389500	4697147	2519717	8610506	4243674	2583796	7182829	6060443	3047608	2030814	4674631	3750140	8110129	5783735	3052050	6653009	1407553	3302980	2584215	4865865	2987158	12040067	1719817	2053023	4199388	1744094	4037618	5569310	4869908	1882336	3102315	4834308	3428013	4052647	703920	3196824	3642309	1881409	3114807	4589443	6138062	973437	1017661	5352516	3503993	2508066	3698419	3509882	4024289	1359791	10257405	4966357	10301690	5237269	4494570	8172556	292323	1482888	6411374	3665966	4023408	3996995	7020032	2845860	2183188
Histidine (156.0 / 110.0)	Amino Acid	12333450	66807352	33041307	120703504	56082447	36210978	118604229	78738569	30032298	23064744	70869306	51417064	110603835	82509530	40429779	97885597	26968760	31940652	28901137	44952896	46060970	180321402	19042988	39824322	50106319	10723438	38508722	71931767	63328952	14751060	27569068	45416242	33134005	33668697	18963985	28433869	39461482	18159149	42142510	37208452	75674320	23033760	16158995	78754611	34514436	32812266	54230571	39580076	55987767	21016139	131851844	44567111	114804194	60033518	70009559	96484736	5527668	12870813	75281239	51868218	41291227	31681169	69391284	27964132	26354816
Tryptamine (161.0 / 144.0)	Amino Acid	16430	45200	31160	61533	40952	37937	72244	77559	12634		105169	50760	114421	51921	22390	60412	113858	17747	19991	16547	76323	160610	20700	81287	24879			35319	32374		23684	19816	21254		105412		18277	16936	23714	17415	38026	46479	68061	50442	15142	26710	41148	25701	69081	129282	66224	30802	58815	36027	53163	46512	67683		47971	36566	22166	14044	32461		
Phenylalanine (166.0 / 120.0)	Amino Acid	32681626	100713789	58962817	147771866	85348766	53702420	132506083	112253388	72491819	45105575	85320348	75470515	141727256	110884014	61314286	123472123	30474066	71558730	56465547	93258747	59583674	186791025	38206662	46599577	88986066	35527823	88185663	107023882	93770935	43048670	64667853	91867026	73290533	80845470	18408951	68326406	76912657	42274676	69290067	89227743	113116082	30421756	21538965	102147291	76181878	52762666	79390439	73371149	76080417	30058227	155249716	96422601	164987469	96643681	84529932	130247768	5501416	33489098	119510192	73588664	78043638	79771821	128252732	62609163	48060745
1/3-Methylhistidine (170.0 / 96.0)	Amino Acid (Histidine Metabolism)	30198	163327	100556	235328	97930	104756	266121	137457	56637	60937	354513	169403	160430	172706	67136	212590	676147	50208	42538	97188	208481	289289	33474	458282	87592	39513	76251	143145	134164	51116	65995	94965	79613	71083	750320	88893	111461	34323	85111	81936	113718	370347	385710	165076	52414	74224	236196	78360	158188	1050013	237877	122369	293334	240345	297750	198758	342740	42244	130705	102107	84692	122175	141921	80898	64301
Arginine (175.0 / 70.0)	Amino Acid	56945913	160965020	103302544	220681308	138022455	99725561	205990645	165681437	104218389	90447752	138468434	136381586	210994237	174382066	101801622	191447692	73568439	112954854	98071528	123243371	111269946	249469381	72417008	91991419	139605167	61381019	119236683	167620773	151398172	84127535	104787545	144198451	118406675	98050201	50519079	103634541	133279154	73595784	115945832	115227054	176050218	71409542	54945054	156554977	112755187	100368556	136543205	123395766	129459227	44288081	221193370	131848852	231045619	120902761	144719006	181950026	13201431	53977133	180034254	118474547	119706814	127434001	164484226	104544524	90925940
Cysteinyl-Glycine (Cys-Gly) (179.0 / 76.0)	Amino Acids Degradation																																																																	
Tyrosine (182.1 / 136.0)	Amino Acid	6176682	23115434	13722417	32896312	20786013	14557252	31176464	24378434	12822225	8585291	22177740	17626981	32579766	25189963	14677797	29186299	6696616	12540431	12631233	7980613	14399048	49831145	6157440	11566616	18480257	5730569	15416847	23889735	21872513	7882047	12312333	19771572	13961512	6989991	4499367	5986532	14932145	7940395	16789759	6373750	23968340	7864282	6199718	27509800	14136536	13457716	18613094	16892885	18400067	7900351	40826669	14393789	39424007	9579589	20914770	31373109	1561078	2695395	27172910	19299470	5488098	12500625	25087302	11345490	11565052
Cystine (241.1 / 120.0)	Amino Acid	45655	128686	103493	228144	142106	83765	143885	71374	103287	91646	186847	110644	228429	115701	76255	137244	59656	50738	81268	131499	133747	328240	22382	29983	133759	23201	79726	236099	305102	35659	75783	259468	154743	185955	24443	62037	89816	51922	139215	118576	288102	55844	43152	310849	157865	146073	145102	134640	110203	25318	165113	94200	169188	167097	87806	204068			98647	103031	35624	29635	88889	46528	65236
isoValeric Acid (101.0 / 83.0)	Amino Acid																																																																	
2-Hydroxyisovaleric Acid (117.0 / 71.0)	Amino Acid	233522	558133	468127	849181	467093	524297	927261	757785	203792	334920	1008159	650011	837586	840408	433456	953634	836975	335858	279858	315718	658733	1275079	184266	509333	347894	203772	274771	684981	486684	189077	165596	495607	234728	241270	736931	239624	227398	259522	433321	402724	400072	434020	428108	836013	185533	458933	770841	378229	490898	939864	1763196	437617	993827	378599	1066346	840195	511650	194826	448615	622809	280026	297686	312438	275697	351399
3-Methyl-2-Oxovaleric Acid (129.0 / 101.0)	Amino Acid 		344277	251923	389102	186243	169308	379068	626409		141066	181515	353123	371711	273743	150832	337602	220299	122973	88428	369667	313043	407173	162992	228505	143856	129269	134520	416190	388387	251779	111110	319129	139064	254545	797550	404286	258934		157212	406268	227719	222226	196822	299344	102050	146924	322727	185949	254994	236672	237693	484753	784163	509903	250248	387593		194726	258788	143802	334719	582099	246003	284661	125271
Aminoisobutyrate (104.0 / 86.0)	Amino acids metabolism/Val, Leu, iso-Leu	9158	65666	17174	92566	28452	23098	73824	182167	12979	20181	77794	51187	68836	40871	30249	60573	80387	27744	10858	106645	42618	109247	17699	98499	36648	13427	44732	33898	30896	29458	12286	26783	16497	47007	102552	47131	39249	8536	19167	54980	46469	41320	47331	33424	9641	20206	33120	23110	30128	183053	46947	76951	79617	92270	47240	52424	10378	10527	47999	20456	46273	51917	31413	27941	16815
Creatinine (114.0 / 44.0)	Amino acids metabolism/Arg, Gly																																																																	
Betaine (118.0 / 58.0)	Amino acids metabolism/Gly,Ser, Thr metabolism	20569027	51742969	46970252	51029546	49803974	43618916	60292657	51946622	25592308	19871000	65789810	53206443	59019551	51477849	41189921	60770890	54920691	25110192	34357758	40173597	56150444	76347226	19734728	64203734	33856427	28187530	30254904	46632661	52862027	25838384	24832431	46310164	23877952	35488855	58121092	26281018	33166811	19042534	38163139	31607279	34145890	56991773	44615025	54523383	21635677	41118342	50746307	34386070	52356639	65737302	71708417	51957062	65513850	52826067	60963256	62339976	58691397	20959350	43629753	49411158	34610972	32596544	30774174	29659350	35122281
Homoserine (120.0 / 74.0)	Amino acids metabolism/Thr, Met, Asp	2325161	11927081	6596864	19001812	9457130	6660115	18292299	11546026	4279369	3883678	11021547	8824110	19205200	13710356	7114678	16282005	4625098	4741844	5163601	10906481	7341272	28230809	2902922	5647246	8261935	3343265	5954029	13227336	11092826	4346266	4317400	9701939	5807961	7339099	2952548	6808399	7150296	2741541	7428615	6934679	12312250	3512061	2776688	13288116	4956035	5895880	9406337	7512016	8638546	3592496	22125184	11409381	20919590	10646316	10979817	16146354	796803	2145588	12576250	9762790	7021622	8656992	10943426	5280380	4799292
Taurine (126.0 / 108.0)	Amino acids metabolism/Sulfur metabolism 																						21801																																											
1-Methylhistamine (126.0 / 96.0)	Amino acids metabolism/His		16361					21648					13403	18151									27597																													21296		20993		21370										
Pyroglutamic Acid (130.0 / 83.9)	Amino acids/Glu		224043		375709			403979				230214			222648		283450						355451						237709												231551	300629						257090				395548	239526	522160	210464	238986	332933			273211			289223			
Creatine (132.0 / 90.0)	Amino acids metabolism/Arg, Gly	20509	34636	48285	39068	26480	29071	55713	29969	41850	17278	47902	29737	43687	42358	28263	29927	45308	25716	16224	28854	31534	63461	31266	24376	24474	29148	29678	22881	42523	115253	21866	40694	22746	26879	85414	20408	38029	37364	25976	39822	27982	36176	58471	32431	13376	22875	43214	18060	27248	49400	56105	38313	102272	29964	24814	64128	29016		52746	25163	27443	153442	27322	38769	15482
Hydroxyproline/Aminolevulite (132.0 / 86.2)	Amino acids metabolism/Pro																																																																	
Aspartic Acid (134.0 / 74.0)	Amino Acid	1380190	6570504	3257416	14833434	4939268	2631915	11806801	3640231	2169985	2167504	6064119	5284060	13043332	8910663	2732769	10270280	1654051	1757542	2492769	1997221	4317754	20290959	1164634	2403460	4240470	1892032	2974459	8471159	6389801	2375766	1415703	5893111	2928417	1147280	691644	1591242	3571366	1333682	3603157	1533341	7633397	2445507	776641	6191438	1931025	2549978	6193864	4057018	4576932	2100400	10956070	4385338	11560233	1927167	6233696	10595021	298162	783055	7605864	4886155	1493879	4869247	5052587	2788389	2443425
Homocysteine (136.0 / 90.0)	Amino acids metabolism/Cys, Met																																																																	
Cystamine (153.0 / 108.0)	Amino acids metabolism/Cys																																																																	
Carnitine (162.0 / 85.0)	Amino acids metabolism/Lys	591854	11620831	6982114	12294647	7524395	5585243	19571751	8046978	1018979	1389290	15397766	11603758	11364494	11632872	5480262	20496642	12890793	1375612	2130111	10751605	10669343	22520959	884813	17720346	3864727	1777970	1672166	9179284	8932503	2845469	1494120	6220765	1733491	5904956	15411296	4287555	4363177	811463	4319517	5752203	6077162	16852531	8579066	10488954	1303692	4741481	15767867	4420621	9184015	12259349	18575870	12573288	21641149	16378516	21193798	18975986	7659419	1766673	11457994	7819120	7146817	7203776	4734567	2922345	3130479
Quinolinic Acid (168.0 / 150.0)	Amino Acid/ Tryptophan, bela alanine metabolism	409983	287891	313306	293738	320146	318885	263481	294766	378388	339076	311974	298640	280039	282947	281136	268081	322505	335952	321737	121548	292577	260048	301781	305669	318723	256014	313729	271958	276867	287195	334246	277155	319809	107985	323762	142566	267002	332017	312627	94390	278893	295521	306230	247694	320164	271872	269576	267999	287263	349721	236263	172790	210272	107957	257160	226386	360436	153573	254266	245630	77875	244745	250226	279359	275561
Epinephrine/Normetanephrine (184.1 / 166.1)	Amino Acid metabolism/Tyr,ligand																																																																	
Salicylurate (196.1 / 152.0)	Amino Acid metabolism/Gly																																																																	
Phosphotyrosine (262.0 / 81.0)	Amino acids metabolism																																																																	
gama-Aminobutyrate (102.0 / 56.0)	Amino Acid metabolism/Ala, Glu, Asp																																																																	
Glycerate (105.0 / 75.0)	Amino Acid metabolism/Gly, Ser	155883	1195851	825190	1464692	562026	683774	1729966	1165047	72314	272530	1278585	1272736	496097	1403428	712822	1666896	971371	177181	287421	3931389	783493	943618	213279	1267157	494708	301634	252315	1173727	804519	427447	273757	590025	261117	567328	1236543	1551539	528942	147465	410111	577537	663333	769091	700801	650273	162310	413722	1188176	564077	627081	1531256	990727	2553186	1360079	1313277	998767	830107	568614	323745	942129	622104	1215611	1220232	414652	381631	413865
N-AcetylGlycine (116.0 / 74.0)	Amino Acid metabolism	94325	101993	95160	142251	77689	68355	102439	114111	122373	79094	60160	114650	58189	100044	37984	87544	69124	119671	88768	39611	60919	64110	44199	116978	95566	53166	105410	102720	68195	70737	84946	77764	101280	30002	129946	34369	77823	102368	73751	20574	115539	73619	86537	70849	95641	67706	78204	64562	72023	225776	76278	73993	83250	26322	87570	77947	86748	20237	85806	54731	36300	70884	122259	64390	69920
Guanidinoacetate (116.0 / 74.0 (2))	Amino Acid metabolism/Gly, Ser,Thr																																																																	
Erythrose (119.0 / 71.0)	Amino Acid (Phenylalanine Metabolism, others)																																																																	
Citraconic Acid (129.0 / 85.0)	Amino Acid metabolism/Val, Leu, IL	2283972	1828740	2121490	2721014	1805495	2227570	2587978	1904155	1691980	1950039	2344557	2603458	2546729	2400717	1986746	1969049	2322807	2252050	1447497	2107031	2297918	1877272	1487909	2145347	1949961	1461303	1643701	2438969	1701418	1544118	1397132	1906791	1567064	1646074	2202326	1956693	1534892	2110210	1649044	2475666	2142699	1710054	1705282	1487897	1404874	1401814	2098316	1645609	1211110	1887827	2524684	1700123	2082619	2060450	2489053	1841591	2093663	1731319	1532775	1583597	1786281	1572425	1797956	1501910	1491313
MethylSuccite (131.0 / 69.0)	Amino Acid metabolism/Isoleu																																																																	
D-Leucic Acid (131.0 / 85.0)	Amino Acid metabolism/Leu	717214	3099731	1344856	4498222	1135745	1016291	6433540	3937915	695456	1007855	1816838	3159442	2395044	3821962	1067091	5127405	3172835	1092215	587138	4086730	1858682	4342725	598094	2905529	900016	542817	732821	3774719	1379308	1101659	683007	2171316	856172	1017841	3373227	1765138	1067892	714651	936839	2098597	2572429	1076469	1169829	1499935	793781	850250	2584831	1194730	1239287	6344329	3443583	6857499	3723956	2662079	4166892	3015108	1185519	666999	1868659	1123288	2463757	4272767	2038153	978411	680636
Glutaric Acid (131.0 / 87.0)	Amino Acids/lys, trp, fatty acids	407282	1559847	931347	2768679	1336609	1015535	2444800	1866068	430510	554400	1835784	2071493	1780345	2183285	1080171	2117842	698551	1028654	668024	1009793	1237875	2557035	410381	1970474	1140377	417854	554105	1579468	1386059	785973	501131	1691301	647696	744902	967551	737348	1373133	664867	1348117	938543	883139	952553	694822	2110488	459768	1380360	1521164	1387612	1312525	434781	5070446	1648440	5003486	860189	2378049	2668563	417419	379273	2682289	1290784	490304	1696905	1150942	738582	930757
Anthranilic Acid (136.0 / 118.0)	Amino Acid metabolism/Trp, Phe, Tyr																																																																	
2-Hydroxyglutarate (147.0 / 129.0)	Amino-acid metabolism & Glycine/Serine/Threonine metabolism	1070247	8711556	6198645	10492532	4670336	3613511	9280960	16182770	1330503	3002776	4062746	8057922	9180268	7023819	3396228	8819087	5007782	2781052	1949230	9053719	7085411	10666392	3612510	5832124	3210151	2960288	3153484	10101899	9453416	5667892	2881618	7418264	3144245	5983371	20306479	9275908	6357580	1538576	3372613	9584414	5758559	5155117	4385390	7434238	2641305	3205059	7796414	4367743	6380312	5306223	5888855	12064181	19960408	11921902	6377649	10555506	902314	4467339	6167684	3539948	8330727	13618612	6016710	7157068	2481134
2-Aminoadipate (160.0 / 116.0)	Amino acids metabolism/Lys	1055791	10773665	6253147	20964739	11191276	7586136	18699566	8574742	1230684	2352892	7767075	12449447	13114759	14835259	7507178	16379888	823729	1701304	6472655	3006321	4856010	22172429	1347636	7654528	7841742	2504188	1901328	14664775	11724263	4543832	2475396	14597907	5771462	3248706	345970	4986507	7230887	1077581	10065499	3837621	11624231	5069363	1440221	16153385	2463343	10544288	13005196	11914599	8700510	288360	33947570	16171818	45144438	6465155	13324302	24857636	112559	2448494	19608162	12905219	3103111	12440541	7682479	4188937	8341000
PPA (163.0 / 91.0)	Amino acids metabolism/Phe	73542		35032			30636		132989	81931	66723	23207	57515	21902	34976	41583		194498	167576	27643	134059	31529		340256	230769	42291	38240	194600	41190		55491	62948	13970	45194	69410	292313	25187	33724	48607	28496	51249	63252	27270	156667	16927		32026	25118	37961	15444	340652	23606	112787	30978	63685	93075	30510	69883	49084	26802	21822	117688	96564	22633	52848	38709
Homogentisate (167.0 / 123.0)	Amino Acid metabolism/Tyr																																																																	
OH-Phenylpyruvate (179.0 / 89.0 (4))	Amino acids metabolites/phe, tyr																																																																	
Homovanilate (181.0 / 137.0)	Amino acids metabolism/Tyr,ligand																																																																	
Pentothete (218.1 / 88.0)	Amino acids metabolism/alanine, CoA	425627	6394336	4399613	8136976	4598484	4578963	12766657	5227365	722121	1764551	10560748	9472526	10131073	7636122	4273325	13011967	17620511	1452032	1832445	7117774	7756312	17599470	1100249	12425447	2968907	1259534	1178400	6567910	6278784	3349351	1253609	5113324	1538856	4133195	21108954	4113880	5253627	595555	4225408	5766547	4863689	11411997	8081389	11070630	1176958	4104115	8236491	4662015	5929958	16934214	20124049	11065350	22463127	14086821	15705543	11976290	8806462	1457361	11640227	7427489	6384240	6375250	3945538	3289197	3055201
Cystathionine (221.1 / 134.0)	Amino acids metabolism/cys	386831	3272069	1480303	8326543	3113317	2958656	7175520	2890230	841869	1733959	2526696	4535938	8125395	4962519	3180131	5766916	1379043	1582083	1963360	2820673	1707836	12743889	1491825	1611807	3101410	1090739	1102682	4415479	3425609	2823793	1790293	4014665	3698411	1747985	770821	4532971	6654448	616352	5260339	2568424	6592016	1101401	665886	8501114	1908309	4104233	3633883	8634908	2461519	482465	11524706	6418867	17072061	1334455	3620893	6252006	89734	946266	10820374	6778649	3043276	8461460	6762132	3847975	4480553
Indole (118.0 / 91.0)	Tryptophan Cycle																																																																	
Serotonin (177.0 / 160.0)	Tryptophan Cycle																																																																	
Tryptophan (205.1 / 146.0)	Tryptophan Cycle	2342011	16289920	8649334	22361878	10877402	7472395	24171020	13450942	5548968	3820152	13587422	12160595	20995243	18302057	8189255	22562172	3827885	5483270	5986369	13526884	8522008	34863927	2794329	9779953	9524728	3209304	7077739	14769908	12894066	4186189	5079266	11725476	6030180	9729015	2922892	6533125	8133529	3184007	8851016	11107400	13378790	5877141	3657453	15723754	5924491	6740667	11358256	9310222	10969401	4218315	27101444	12966638	25842561	14164201	15025941	19838348	534358	2969588	15059212	10708817	9604228	8404262	12916212	6047241	5633216
L-Kynurenine (209.1 / 94.0)	Tryptophan Cycle		40645	20265	114828	53975	22476	75124	33860	10565	21871	23335	22124	190285	56838	52875	68489	91882	19177	41048	44944	28645	321570	17153	11454	63921	57948	20266	60145	98206	62119	19009	153441	32382	66090	60411	37009	77809		72025	63236	78437			103778	20038	66975	40533	115552	25999		119204	206334	242008	66315	25770	104222		19384	119380	59263	49561	91484	82874	75492	48028
5-Hydroxytryptophan (221.1 / 204.1)	Tryptophan Cycle																																																																	
3-Hydroxykynurenine (225.1 / 208.1)	Tryptophan Cycle																																																																	
3-Hydroxyanthranilic Acid (152.0 / 108.0)	Tryptophan Cycle																																																																	
Indole-3-Acetic Acid (174.0 / 130.0)	Tryptophan Cycle																																																																	
Kynurenic Acid (188.0 / 144.0)	Tryptophan Cycle/Amino Acid metabolism	645167	884868	633065	950346	573279	883807	971883	689862	340313	1013939	692199	806671	1814954	870007	961350	901553	7073967	843658	319862	422574	1435099	1511964	871233	887424	647688	752558	648928	890989	879033	874069	576837	1016728	664541	399779	1622210	349423	937949	652810	882467	349353	465800	921379	819967	899278	242105	889743	983145	1027667	580199	802425	938612	430935	986191	488711	813573	1029087	857963	365938	758572	1012402	346035	729348	714276	1018645	931788
5-Hydroxyl-Indole-3-Acetic Acid (190.0 / 144.0)	Tryptophan Cycle																																																																	
IndolePyruvate (202.1 / 156.0)	Tryptophan Cycle																																																																	
Indole-3-Lactate (204.1 / 158.0)	Tryptophan Cycle																	159136			96142				90655											254041								65858							291473															
Xanthurenic Acid (204.1 / 160.0)	Tryptophan Cycle/Amino Acid metabolism	263303	1569466	815133	2284474	1107604	737964	2414814	1482595	580208	386049	1409526	1223613	2226392	1787847	862711	2195236	418122	606578	675526	1879327	906714	3723072	335694	937613	967510	353776	773428	1575563	1485657	468816	568325	1334978	740357	1022500	358494	682645	861107	354936	994429	1132288	1531358	648988	404489	1823020	690688	787526	1207430	1064827	1245568	432855	3196834	1570145	3096992	1608072	1680092	2250536	97362	339816	1804512	1274381	1156005	1014013	1671018	688903	617367
3-Indoxyl Sulfate (212.1 / 80.0)	Tryptophan Cycle																																																																	
Melatonin (231.1 / 172.0)	Tryptophan Cycle/Neuroactive ligand																																																																	
Cytosine (112.0 / 95.0)	Nucleotide								71545					66595				55721				30548	105182								42214					66624															51110															
Histamine (112.0 / 95.0 (2))	Nucleotide																																																																	
2'-Deoxyuridine (229.2 / 113.1)	 Nucleotide/Pyrimidine metabolism																																																																	
Cytidine (244.2 / 112.1)	 Nucleotide/Pyrimidine metabolism	128475	209853	242725	329273	87446	68530	236284	120041	4022784	103992	114141	261313	95178	240581	64766	210749	81048	285080	52872	66097	131935	94607	77332	129973	120096	42519	651505	328519	80148	27533	358169	65872	264097	78649	44687	108188	109070	217773	92540	40316	307589	137066	115681	70720	967598	75115	185560	87873	89011	13656	120520	134828	103310	65189	193277	89231	11447	59041	106395	97164	73805	33043	251525	45059	71602
Uridine (245.2 / 113.1)	 Nucleotide/Pyrimidine metabolism	1379633	1118692	983955	1525073	634620	457524	1237319	983871	8624957	812831	711981	925939	939367	958878	155153	1066545	490655	6768020	452125	646703	596170	1151152	287738	996256	876206	122455	8701770	1200213	506693	119545	2074631	417348	1930407	748634	289080	227696	467405	2572307	519094	766839	1645505	868810	784569	636701	3391436	461761	902696	387723	439863	61646	937633	376857	738811	2910195	1114238	664307	32610	879390	842725	306678	642772	155731	1533306	212608	271227
5-Hydroxymethyl-2'-deoxyuridine (259.2 / 143.1)	Nucleotide/Purine metabolism																																																																	
Adenosine (268.2 / 136.1)	Nucleotide/Purine metabolism	308643	895603	556146	889831	558842	508963	1674033	1277525	20479282	236725	1253252	1180642	1052875	1234857	490888	1749763	1452265	1136061	432714	370526	909459	1857670	979444	2268479	739472	174233	1386286	821227	532049	750324	960261	411410	552354	175855	1048427	1001457	308361	371195	260889	336459	909553	853857	1545828	598401	1593664	385842	787447	353480	497425	2441320	1072363	264208	1143694	981261	1191970	618698	1522810	484137	600528	415895	386814	316362	986259	239514	155909
Inosine (269.2 / 137.1)	Nucleotide/Purine metabolism	4880277	8606923	6287634	12905974	6414378	6309832	12697325	16308620	30079398	5874823	10203145	8618199	9596810	10140797	5150954	10672512	8201911	23916454	3675992	44927190	8046148	14873787	3933033	11109974	8387321	1155709	30100310	9357167	5469254	2070411	12609587	4285749	11463488	51946300	5483242	36312208	7654641	10345681	5223640	114942753	16031448	7206023	9597909	6921016	18422228	4873418	7054691	3853344	8694610	3139909	14801418	21550785	8930586	135294732	12362368	8528386	419256	36063509	10502752	3432147	75478344	8091753	25478796	4279216	2781841
1-Methyladenosine (282.2 / 150.1)	Nucleotide/Purine metabolism	639864	1027385	699839	1785253	398139	151321	1212247	562746	3347789	727256	656349	995248	1041127	1231296	111960	1302196	771864	2273787	201634	12563	533936	1611891	242809	1149297	661981	20001	2695052	723956	256382	63958	912130	118269	1021254	6087	735492	14766	846570	895457	146624	5838	1033927	458287	618438	176372	1397751	145407	540220	164003	395537	327674	214671	48710	377559		581771	234732	52078		573114	79633	13322	73847	1196092	396715	106325
6-Methyladenosine (282.2 / 150.1 (2))	Nucleotide/Purine metabolism																																																																	
Guanosine (284.2 / 152.1)	Nucleotide/Purine metabolism	5341210	5127831	4626355	8262084	4523523	3994734	6728234	5696294	32256763	4324725	5144629	3865839	9527215	5716796	2844175	5708999	2793206	22122886	3351654	3701591	5077918	13104909	1920443	2863634	7346773	561380	27981644	6850436	4011522	679170	10430014	3062812	6261444	5481254	1062467	3668693	4308302	9786830	4207265	9750308	7999876	1907781	2750493	4848293	14168296	2821537	3804525	2643579	4659822	353888	9293979	5801709	7852465	12715594	5050864	5465325	91422	3228324	6242043	3187338	7823229	1839580	9211199	1749219	2027977
8-Oxo-2'-deoxyguanosine (284.2 / 168.1)	Nucleotide/Purine metabolism		90530	73488	117304	73249	42972	123627	71164	20050	45603	98264	91741	129452	92017	40228	113352	89424	34072	39220	172001	103487	208028		88040	58386	26291	38898	115868	115282	50506	38009	100839	47374	91344	71030	66651	109291		70965	110657	83712	120625	56959	108877	29202	63723	154422	73556	95585	33668	176215	254798	322285	340689	163803	178028		60589	128363	74638	123995	123595	140072	58644	44251
1-Methylguanosine (298.2 / 166.1)	Nucleotide/Purine metabolism	384083	438357	258315	716950	122261	69830	380064	359931	1488893	494251	185272	254048	184414	401464	54385	294498	379020	1653508	86734		198281	301809	305954	525428	375362		1933117	320740	61464	43596	794845	48414	792087		392045		471665	728861	75562		575271	156861	534386	49714	1070535	40528	135468	100596	145409	327146	53528		57493		221651	144741	62347		277793			16948	1160117	208654	46206
GMP (364.1 / 152.0)	Nucleotide/Purine metabolism	6990613	14143516	10921907	22300057	41953435	18409111	19653599	15647071	16661613	15108436	41205755	9471089	93813697	17116416	31239544	16438344	5324731	22272878	25122813	32127985	33961915	133499826	28490107	2264258	21092766	27173147	23570211	24481078	74381700	21623561	14634454	76651889	12886544	96072273	2578493	32916130	24394923	11215231	30957596	96371864	15670439	3283384	2466182	59342078	15889309	22550580	18305136	37455416	47090509	2238071	102466739	27803535	102698493	80893096	12927028	116209966	2765875	37042056	31879955	45113634	30953120	27372805	19236413	38058920	24315319
Uracil (111.0 / 42.0)	 Nucleotide/Pyrimidine metabolism	3404365	29827440	18762077	47496759	10014154	8598660	51335440	28310618	13078284	8895658	22242875	32099557	29214159	36297307	9924610	50219445	28701157	23375557	4218146	43168803	16589189	52925775	14315520	42747917	9661385	7377499	24120160	24592718	16485123	12329663	9541525	17532064	12220453	26281163	38223342	35645696	23753266	7674812	13795043	28250104	23202802	31955119	27461101	24798913	11742351	12450457	29529371	17009592	14923966	35878483	46041415	51615066	59108677	44244325	47394950	34201319	19527599	16732682	33983738	23705750	32552639	30864753	31650569	20075515	11133371
Adenine (134.0 / 107.0)	Nucleotide/Purine metabolism	346995	3939210	1678322	3564673	1946777	1543251	5087290	1576109	958087	625372	3297792	3150935	1667306	3561457	2744058	4802645	840096	852104	916353	7074617	2373598	2604774	1691560	4268919	1546928	2206715	504613	2583447	2478606	3189040	1219489	2163550	475649	17551357	1025418	6055951	2076644	280110	1809581	28998570	1187451	3453356	2308545	2545590	852088	1820839	3207266	2140241	1385521	1218527	1864306	12735297	3350743	21378879	3466901	3682425	1021154	20417574	1803581	1747496	11104665	3845213	1062783	2236062	1307226
Allopurinol (135.0 / 64.0)	 Nucleotide metabolism (Drug)																																																																	
Hypoxanthine (135.0 / 92.0)	Nucleotide	4475468	85988049	45676330	114426644	40436952	42854140	148168336	90740266	5961276	11657387	102823508	92050159	66604244	110272219	39739231	138903318	41463537	12591637	15826930	116182532	58022843	160935846	19347983	136087872	24157030	8427821	14456377	64302091	69681634	23539773	9523115	36823670	14408384	42844895	81563662	47635475	48226169	5640733	34138153	31054757	50740319	81694065	70424490	99886944	8231319	37807647	89942239	40663274	66746615	84288133	165417105	143654681	168745206	143601741	141645810	120459654	10165891	6551251	101308195	63504596	68685642	100258341	70247712	45587702	28460571
Oxypurinol (151.0 / 42.0)	 Nucleotide metabolism																																																																	
Xanthine (151.0 / 108.0)	Nucleotide	12369469	136503980	78504041	200218604	90192524	66837450	229657957	159514737	19581048	34636001	144203809	115662414	195284268	171201431	72269209	213167463	61961808	40119595	42382946	133985385	104788872	350424133	39016312	107235728	79705490	33969567	44679444	123583280	118976494	64938459	25400486	100989806	44451188	63728865	65788513	68218298	111693482	22966690	73339492	67053611	112542139	83543180	78484156	142067835	26361906	66794683	152084343	94144330	117161826	61535749	236284211	178583445	270756694	151014944	178252164	183223839	16727311	24966998	177502987	117127822	98011427	120719592	137851117	79521339	55967612
Orotate (155.0 / 111.0)	 Nucleotide/Pyrimidine metabolism																																																																	
Allantoin (157.0 / 114.0)	Nucleotide Degredation	129241	927047	1673201	1019836	503937	359614	961787	1367934	63998	123998	3464683	4009675	3789346	858456	317823	979169	2058346	77087	613129	506612	2338102	5390927	61869	3333946	641600	82772	61302	1426279	1443625	230370	51679	734108	251337	421851	3728901	201013	234969	34533	389190	821462	745316	2964180	2749557	892257	64679	392711	935328	356872	1271312	3051074	2115925	701608	3319023	3826558	1948295	738902	1086496	281069	431982	805876	519735	187897	148409	153131	221900
Urate (167.0 / 124.0)	Nucleotide/Purine metabolism	9527780	63131620	20742451	58875004	44218194	12734793	75501710	8557084	16350506	24034026	32015576	8275763	88412259	58087196	24708539	74264672	31820227	22750873	16577978	52018686	30694279	123417616	17907628	45214966	40599186	25337155	24535868	42548696	39082491	35717264	16107186	49093263	7933208	58866394	18894189	32070707	59463222	15842161	32917059	65959432	30023118	59044525	20092339	37943643	14660671	22770502	76433854	47477509	27209723	8479789	63545597	63098553	103960152	48809481	64228733	95059509	17441992	25568042	108706344	38006090	37443051	39496257	36504088	32307078	26416869
Xanthosine (283.1 / 151.0)	Nucleotide/Purine metabolism	54164	439995	321253	762112	208133	186174	806854	666365		174495	334614	632901	562316	757587	161793	945284	1065486	140578	97566	211620	355444	974835	147703	666870	255511		217824	427337	246002	133505	97156	291816	277039	54782	2351186	125116	336697	107475	179250	87976	593005	332972	667003	307821	101294	148305	407909	228123	415350	3245769	541398	397227	529639	184652	655011	380867	1705864	43777	515938	206739	93697	225796	671669	146294	96689
DCMP (306.0 / 110.0)	Nucleotide/pyrimidine																																																																	
DUMP (307.0 / 195.0)	Nucleotide/pyrimidine																																																																	
DTMP (321.1 / 79.0)	Nucleotide/pyrimidine		33716	20337	28434	32545	35816	16461	34524	19879		43117	31994	41990	23269	40850	17280	35258	36588	28642		42469	51383	21362				37118	26469	45351	20372	24065	29303	24788		25300	19908	24225	16703	30150		22334	17331	19548	67010	30044	23686	18651	37099	39075	15877	65595	39737	60134	55523	34073	51535			30993	39489			44881	39180	29058
CMP (322.0 / 97.0)	 Nucleotide/Pyrimidine metabolism	18270	101881	79276	107731	101293	85405	141199	30461		39592	121332	58034	123252	97676	68834	135065	26309	32045	49530	160574	128053	208110	35369	15385	45187	59787	38599	111610	113716	41447	33015	63859	31932	121443		180638	38178	25488	54742	111909	80161	31511	18457	164668	41577	56339	95167	75292	153387		328334	124735	171837	179814	151800	263106		57531	75657	180668	126446	62725	71217	60468	63140
cGMP (344.0 / 150.0)	Nucleotide/Purine metabolism	1963964	114172	137449	617970	117015	44202	160222	574980	9304944	1490336	74243	95142	149060	163114	30232	103589	162257	5071693	383072	27984	160857	142617	1935619	85738	685652	16167	6475017	434166	61678	126582	3245658	42932	1612213	33120	235564	11011	1017647	3484393	112722	70403	1069584	40422	226276	33506	3655326	61998	100356	171012	65381	127681	37549	28181	111263	32605	51273	39308	81152	21573	188976	20338	48016	42539	1002926	611966	59908
AMP (346.1 / 79.0)	Nucleotide	6721043	71306265	41103492	106682195	59173980	36131156	122638844	27313404	14076877	14504174	92373045	63983046	129067519	79883646	47352688	96287856	22312951	19167880	22166622	38050372	65564543	187084038	21780066	28175443	26057664	22153984	22242962	83964260	95675037	27376537	15668304	82476687	17293773	33441755	17805352	30325362	39178960	11365537	57240986	36598108	44889847	39170921	15303691	112177814	14789948	39214278	87048090	56129604	76503261	14207730	224511599	46395836	208502317	36243532	92144991	142915686	8926067	14906101	86746739	113524162	24903973	39172516	26423050	36700722	41676885
IMP (347.1 / 79.0)	Nucleotide/Purine metabolism	1099724	9438676	5546161	14382404	8784050	5240357	16598034	4333720	2122859	2790293	13103220	8896755	18902919	11256722	6912930	14714814	3174694	3050306	3167861	6204897	10028579	27239778	3688184	3980520	4487761	4536510	3319484	11842185	15188898	5548309	2682672	12982842	2707538	6351718	3459771	5827892	11032954	1937433	9262685	6694711	6547589	5884641	2467628	16771567	2333603	6210623	12685667	10054309	12023376	2106211	30498724	7808760	40600625	6413732	14210123	22572643	1442479	3775909	17643208	16082182	4637597	9549976	5196496	7459037	6125690
OMP (367.0 / 323.1)	 Nucleotide/Pyrimidine metabolism																																																																	
DCDP (386.0 / 159.0)	 Nucleotide/Pyrimidine metabolism		32689	11427	31234	18512	15854	34301	16313			36253	26699	32345	39221	23384	24824	21191			41138	41826	59765		14723		13890		31099	30365	22331		29150		41109	22059	44744	21289		14698	55568	18310	20696	9539	58951		10559	25363	22060	30518		86121	64287	91652	111945	42878	39516		39737	32655	32597	41661	29142	18656	24765	18247
PRPP (389.0 / 79.0)	Nucleotide/Purine metabolism		195759	80051	649708	188633	111692	337916	422904	70530	126363	220129	129577	321339	218011	174353	231254	75443	108052	130399	122523	166923	581680	81160	113962	266867	54693	99188	412803	297463	81448	107622	312864	128359	107093	126437	84120	255155	81948	270436	157684	484634	109939	76361	394648	89259	176482	229725	255322	262254	58228	844785	143371	639095	180875	261010	738110	48107	63103	407955	268356	55579	76148	252417	159262	161389
UDP (403.0 / 79.0)	 Nucleotide/Pyrimidine metabolism																																																																	
ADP (426.0 / 134.0)	Nucleotide/Purine metabolism		26408	11407	47671	25311	15490	69024				46762	22559	79268	31189	13935	70723				12291	28381	143409		8202				33973	42495			44133			7864	15902	10694		27237	7957	13098	14213		62027		14414	66749	26851	32136		108406	15716	134182	11492	68612	104223			32378	56234		17614		13983	18331
GDP (442.0 / 159.0)	Nucleotide/Purine metabolism																																																																	
Adenylosuccite (462.1 / 79.0)	Nucleotide/Purine metabolism																																																																	
DUTP (467.0 / 159.0)	Nucleotide/pyrimidine																																																																	
ATP (505.9 / 79.0)	Nucleotide																																																																	
GTP (522.0 / 159.0)	Nucleotide/Purine metabolism																																																																	
Choline (104.0 / 60.0)	Vitamins	13422879	87651966	58613040	95115263	65145247	46590575	112580490	80979413	17185929	21102230	115116112	85517315	97456540	89145912	67389664	107182724	95796853	22600397	37144879	119862725	90624226	138364067	25538972	121096018	46711876	34534635	24870146	63757975	73417298	40568000	22115826	64466212	27265944	99083922	107093309	80205869	51632156	14879038	48577702	98220403	53710166	90130453	81438127	70193239	20345290	49861413	81236270	48135225	76966290	91576594	99240764	126917383	120514097	150942357	95233509	93016148	81229831	48711539	73705657	60847354	98677613	56954817	43460902	41966282	38889640
Dimethylglycine (104.0 / 58.0)	Vitamins																																																																	
Niacimide (123.0 / 80.0)	Vitamins																																																																	
Methylmalote (117.0 / 73.0 (2))	Vitamins 																																																																	
Ascorbic Acid (Vit. C) (175.0 / 87.0)	Vitamins																																																																	
4-Pyridoxic acid (182.1 / 138.0)	Vitamins/B6	115386	776581	306713	876899	374957	365212	1325071	339259	85901	199293	596261	567652	828483	822574	303240	1335763	183330	87782	310606	270325	428524	1461115		354560	334690	123948	63622	325105	465388	168838		426099	159039	171677		135590	288072	54966	411100	143135	388806	319894	94748	588261	94095	263210	534609	581049	383182		1209121	450106	1122103	293891	621195	736076		90870	678680	752736	151909	218835	266979	99484	281391
Biotin (243.1 / 200.0)	Vitamins																																																																	
Pyridoxal-5-P (246.0 / 96.9)	Vitamins/B6																																																																	
Trimethylamine (TMA) (60.0 / 44.0)	Gut flora metabolism / Redox																																																																	
Trimethylamine-N-oxide (TMAO) (76.1 / 58.0)	Gut flora metabolism / Redox																																																																	
Shikimic Acid (173.0 / 93.0)	Amino Acid metabolism/Phe, Tyr,Trp																																																																	
Hyppuric Acid (178.0 / 134.0)	Gut flora metabolism 																																																																	
4-Hydroxybutyrate (105.0 / 77.0)	Lipids/phospholipids, ligand	15712063	17779997	17837630	6327687	5647170	18940425	6402470	5389041	15413343	19263958	19990465	19164195	15602659	15622552	15580401	5872625	19213338	4278587	14338745	16589788	16019799	14708456	15534771	15578003	19516201	3450508	13688582	14912909	4924585	4165770	12908094	4623368	4568590	13076419	6569322	4131632	12233157	12549817	13874984	13081777	6071734	5285418	5503491	13352407	3762446	12338920	12794016	13984110	4619463	13422161	13648195	13753391	4848047	12452089	13419175	13863057	5252058	12425697	12764248	3706847	11711214	4534934	3679710	14110540	12365925
Acetylcholine (146.0 / 87.0)	Lipids/phospholipids, ligand																																			66426															56714		44312		45110			41674								
Deoxycarnitine (147.0 / 87.0)	Lipids/phospholipids, ligand		49926	26943	55312	30105	15871	91743	27092		20079	26839	42244	48801	50588	15551	91700	22812			55587	20290	73919		48386	13547		16254	35349	25754	31591		25593	14690	28850	21829	44386	50911		21348	22329	41991	56446	11119	36572		19601	58157	25257	21416	27285	52047	63800	80599	38005	85704	51570	36225		57756	25022	42873	60981	33600	22833	14777
Glycerol-3-P (171.0 / 79.0)	Lipids/Glycerollipid	182801	784304	451616	1453220	556486	290395	1095731	560435	322734	463002	790926	625377	977863	984885	298008	989738	424055	363200	350509	263842	630573	1356273	348174	848100	603558	117317	360253	796169	535767	146981	376629	482239	437119	89574	375233	102982	731322	265642	441741	77719	919671	401356	465430	484514	326778	315744	637612	477713	504049	313690	608423	312721	1076605	167983	834690	743795	156010	66681	979667	243640	115916	227623	806713	580153	326749
13-HODE (295.1 / 195.0)	Lipids/phospholipids, ligand	133772	432208	309979	707198	508988	274997	594383	412389	108573	227796	504406	442073	634848	634425	349437	628710	333600	195048	194270	716787	365282	845047	217171	518410	299228	185904	184822	389378	348142	220689	168002	402616	170058	569934	428425	309774	286687	173780	330593	647073	377410	338093	268873	412235	109377	364864	443944	437102	320771	311565	504741	782521	549369	558983	391805	413743	126870	335246	418501	347161	584710	294533	248291	183481	393023
Arachidote (303.3 / 59.0)	Lipids/phospholipids, ligand	915737	3065771	1949274	3015134	2880071	2027008	3194973	2618035	1156150	1550958	2648799	2162946	2912252	2891155	2051007	2701035	2226533	1254962	1702164	2609128	2344658	3820750	1137531	3223585	2401527	1441976	1715832	2245043	2651615	1567858	1223569	2450446	1473697	2602956	2001788	2100215	2102469	1002864	2080666	2645827	2115623	2736262	2378099	2659622	1214045	2139474	2974490	2100552	2261376	3105500	2451590	2319961	3561031	2686192	2231131	2876546	2411622	1740972	3228051	2010187	2141305	1768742	1962646	1548072	1924299
12-HETE (319.2 / 179.0)	Lipids/phospholipids, ligand	51570	43284	42416	33549	29710	51552	41860	37443	48846	60476	43825	52920	42927	34497	43560	30278	44140	35873	42191	57923	42457	44725	50104	41250	45852	26557	49684	46828	35993	40429	44775	23193	35876	40331	28026	34661	34297	41652	40272	46051	43580	37277	32802	30353	26863	30456	53837	48090	21807	35640	50834	47164	25931	38382	44694	40448	32931	35687	42572	24399	32447	39136	34602	40383	36764
PGE (351.2 / 315.3)	Lipids/Arachidonic acid metabolism 																																																																	
Chenodeoxycholate (391.0 / 74.0)	Bile acid metabolism																																																																	
Glycochenodeoxycholate (448.3 / 74.0)	Bile acid metabolism																																																																	
Glycocholate (464.3 / 74.0)	Bile acid metabolism																																																																	
Taurocholate (514.5 / 124.0)	Bile acid metabolism																																																																	
Glycerol (93.0 / 75.0)	Fatty acid metabolism																																																																	
Acetylcarnitine (204.1 / 85.0)	Fatty acid metabolism	260904	12036432	5019606	4894920	4096500	2872438	11063104	2345721	879709	443014	7018380	6481148	4863026	7550327	2306221	10814227	6707804	954373	1091865	3421821	7148710	7061381	459481	11478250	1583593	508244	1025854	5215258	2806276	578225	1323191	1496188	1101208	1067126	4873754	1029300	765971	468570	1050082	1234902	3829459	10710654	3607681	1808529	1175484	1363926	8275584	1043700	5248062	3367460	4670993	6421575	6972471	3194692	13486519	5678387	2938409	261218	1992114	2765706	2389304	890761	2170294	927220	1437233
isoButyric Acid (87.0 / 42.0)	Fatty acid metabolism																																																																	
Azelaic Acid (187.0 / 125.0)	Fatty acid metabolism	522896	658542	277012	487429	325864	432377	381066	379894	360292	265562	360734	396440	284125	343061	404160	331195	342327	309180	389151	392299	392582	306423	306594	347355	335565	398340	339571	356279	304371	371842	228438	274947	358653	295348	318384	396269	297300	286757	265853	437780	539573	814317	456156	385673	416032	333473	389583	437623	336700	348864	288958	296412	423733	366892	499735	265072	358634	403419	299252	338638	381188	337592	326024	359324	407977
Myristic Acid (227.1 / 209.0)	Fatty acid metabolism																																																																	
Margaric Acid (269.1 / 251.3)	Fatty acid metabolism	320705	626515	420439	770818	546076	388884	768241	657915	347714	439290	530323	552524	613558	618869	342473	745209	545673	430078	336016	845293	535744	732750	302408	548375	496788	336349	444954	589393	555182	458608	396879	513299	459686	503509	669076	670576	458661	329453	440164	702724	691263	611003	585394	384727	457760	392383	541620	487061	468987	497084	512315	598002	720490	606463	489116	609334	393463	393058	589410	444430	594083	570100	617516	344953	344541
Linolenic Acid (277.1 / 259.0)	Fatty acid metabolism	409696	1098052	865704	1475550	933100	793061	1400810	841518	775117	871358	986047	966833	1140719	1171383	802735	1222117	648827	960027	613783	1263202	731220	1348863	1006655	996074	943032	817323	924651	1151854	767850	853230	989876	837056	800456	961440	530738	1372304	1311262	648872	841825	1028981	1231962	780553	612018	889429	977381	793833	927610	979831	736269	572918	1051890	1071426	1233672	929764	919497	1041164	341825	761551	1242407	784286	1209108	1110195	1555182	1184094	716340
Linoleic Acid (279.1 / 261.0)	Fatty acid metabolism	1208321	4235258	2977254	5504619	3468801	2708656	4965403	2867923	1787804	2656290	2570319	3100518	3588686	4519256	2860886	4418326	1726606	1828596	2294547	4566191	2262446	4166179	1856098	3035938	3424141	2282835	2124730	4195622	2638442	2660458	1843709	2812720	2039567	3474187	1638202	3063676	3293413	1638514	3308028	3813305	4296672	2411580	1560495	3176523	2162798	2958471	3931836	3580894	2272474	1551319	3557923	4038453	4909536	2638102	3146162	3060327	1181111	2004233	4713910	2753829	4341228	2790336	3034776	2308099	2826275
Glucosamine (180.1 / 162.0)	Amino sugar and nucleotide sugar metabolism																																																																	
Mannose (181.0 / 99.0)	Sugar/Galactose Metabolism																																																																	
Glyceraldehyde (89.0 / 59.0)	Sugar	253965	1516445	1349299	1791841	990095	973537	1979803	1459537	280642	444206	2266174	1912293	1455898	1756230	721543	1966771	1131135	470193	507729	1012701	1260876	2169360	188261	1570474	716725	257984	380722	1209426	1364896	496284	238825	845357	509695	724670	1265802	452434	928011	182002	997422	958676	1087069	1020196	879499	1682811	303353	727052	1213461	1007454	1470989	72946	2128834	972271	2160613	1167280	1677754	1844319		339971	1446765	1226683	646323	630517	620393	533226	745214
Inositol (179.0 / 87.0)	Glucose/inositol metabolism	61826	726024	488917	842110	428652	308567	1066690	233695	64445	258176	487975	705543	570675	774287	349294	1085374	364906	87476	206173	402039	397817	811320	117981	921441	276528	269909	105598	589939	381847	347605	104850	375195	141015	154092	327955	244613	498048	62244	343291	211231	451546	790398	289013	564930	96841	364841	706051	515596	340699	448224	811314	706428	1160087	320004	1049301	555125	377777	163068	761372	415933	306658	401219	274996	367796	366197
Galactose (179.0 / 89.0 (2))	Sugars																																																																	
Fructose (179.0 / 89.0 (3))	Sugars																																																																	
Sorbitol (181.0 / 89.0)	Sugar	54260	395735	226824	643451	227477	249832	657687	259859	36904	122523	656609	471795	479045	485701	197804	597788	342189	97384	100001	330965	570808	954661	72043	548982	160504	104375	52300	370587	347204	306700	66504	303406	158109	181427	596655	307505	331292	110623	199245	595203	409584	282584	303756	422924	83980	282059	446692	278056	404708	132913	966769	668685	1060573	595788	813732	580207	90994	181399	529410	329230	384253	605569	226174	198793	157270
Glucorote (193.0 / 73.0)	Amino sugar and nucleotide sugar metabolism 	980266	7814955	5190812	9040334	5152657	2968665	8581903	4253580	916862	1481784	3657735	7394645	6992478	6717655	1084841	7913939	2217608	1028246	3679382	151587	2130532	10378235	98547	4812320	3902204	149604	1285128	6798217	3732440	486046	649286	2498615	1453905	60914	1458439	95104	2241678	562348	3358383		6161023	4132326	2500550	5108639	1201081	2308797	5583568	2982509	3451370	6210484	6933334	420949	6437772	76946	6175193	4693653	3120988		6219204	2501551	93213	291998	2165491	842648	1956368
N-Acetylneuramite (308.1 / 87.0)	Sugars																																																																	
Lactose (341.0 / 59.0)	Sugar/Galactose	794773	3319338	2760409	4376593	3493469	2955291	3600440	5765343	491186	637732	5339754	6025298	4170479	3646223	2600123	3456658	4582391	758586	1992784	3037792	4203089	6337599	497449	2617000	1697027	860164	765252	3472328	5547914	1009640	438678	3678326	1736229	3962817	4597079	1340964	1290732	519632	2002881	6322804	1850348	1694074	3759131	4664725	551042	2450931	3951539	2755295	4654612	1482653	9773835	3491854	8465603	10561400	4121882	7246350	263114	1585855	3787102	3942511	3526269	1413920	1072593	1091204	2230921
Sucrose (341.0 / 59.0 (2))	Sugar	294149	165536	434273	335401	131796	381631	130148	2351625	83836	178339	229901	172689		432699	447779			145891	193404	176152	191941		367821	480981		118090	73327	263571	480387	1783035	61231	397422	184436		143281		278336	62683	326559	304650		305436	246013	332197	100028	409083		208788	169806	156733	587319	719742	677734	524822	317103	105079	160492	191327		259008		1807045	87716	555662	405930
UDP-Glcc (606.0 / 385.0)	Amino sugar and nucleotide sugar metabolism	259855	4252632	1940648	4244185	2086687	2102891	4132020	2213948	335328	659071	4851380	4091415	4438959	4228300	3987227	4482780	2362041	586550	597591	7382123	5673981	7956446	1100032	2143202	1027443	2098792	534860	3931404	3533979	2217380	668173	3635478	712606	7633469	2854033	5718127	3636170	333256	1934726	10110363	1767605	2736955	1666798	8285518	687945	1958829	3591229	3087167	3688515	460257	13451337	10502160	11713059	16495130	6561306	7352867	227734	6638092	4907566	4585793	9146161	5415506	2353932	3013156	2613830
Ornithine (133.0 / 70.0)	Urea cycle	262077	3212690	1377448	3434160	2768725	2114583	5201178	1392058	450431	467466	2580429	2167546	3538067	3504581	1785409	4567216	797264	512286	867263	2586240	1554933	5515543	343441	1503354	963678	398850	530389	2841590	2491973	450267	517113	2329326	683625	1237376	456640	1396950	738851	301802	1610028	1491685	1495611	1074582	447326	3424183	535888	1487512	2711128	1631744	1934302	245583	4670077	3769431	3490851	2182678	2389578	3836701	111018	386368	1655867	2696966	1713817	1124527	999555	528761	1217490
N-Carbamoyl-B-Alanine (131.0 / 115.0)	Urea cycle																																																																	
Citrulline (174.0 / 131.0)	Urea Cycle 	95363	180695	122874	154677	58407	75262	108669	59048	84458	112263	54030	130663	68369	143116	65548	97007	136204	131470	75216	282641	58723	66800	87212	113051	52759	145183	90578	207350	51304	61694	143248	76570	161506	143923	173989	846542	78691	65682	122119	97276	574666	78222	162750	72422	180978	61216	94243	65687	68232	110301	56941	193883	63966	101082	121552	55558	103295	90012	112241	45894	364328	279610	237992	129497	65455
Propiote (73.0 / 55.0)	 Nicotite and nicotimide metabolism 		17161		29113	12535		28866					16644	22611	15783		23189				23442		30226		17156				17401					14714	23694		32441	17968			19063	18822	10037		13377			17683				30521	32935	26957	21504	29648	31319			28850		28931	47651	25919	14696	
Benzoic acid (121.0 / 77.0)	  Nicotite and nicotimide metabolism 	8165996	6244426	6894630	6013858	7387493	7348289	5531094	6297790	8344690	6908871	6348919	6228767	6190997	6020191	7460564	5847821	6361427	7687422	8219384	6118230	6826802	5517104	7686014	5352321	7021801	8095857	7491535	6179569	7138641	7436786	7322147	6952739	7126814	6911931	6140268	6452997	7036372	8136623	6997960	6468965	5375958	6059715	5927441	6408711	7823353	7205960	5982857	6901383	6594919	5863962	5702749	6366022	5957005	5960343	5720164	6114774	6755418	7797739	6515524	6881657	6334291	6731685	6626306	7321270	7350926
Nicotinic Acid (122.0 / 76.0)	  Nicotite and nicotimide metabolism 																																																																	
Malondialdehyde (71.0 / 41.0)	Oxidative Damage																																																																	
3-Nitro-tyrosine (225.0 / 163.0)	Oxidative Damage																																																																	
Reduced glutathione (306.3 / 143.1)	Oxidative Damage	748922	91202	976088	93762	1020331	1005563	88918	227608	2503175	652814	857609	438703	341306	535941	476192	275479	271287	902403	127986	26141	546508	276527	586708	351322	244485	266677	3329639	118928	854621	671250	1513989	497006	1059120	52866	440825	35940	149306	1871348	428891	55985	1136421	237363	414791	588880	176712	615506	91822	840842	2682564	1452361	674806	98119	595300	88749	1205684	951139	91983	109104	1305862	702067	101046	760665	1578605	1541803	934359
Oxidized glutathione (611.2 / 306.0)	Oxidative Damage		46235	26086	40466	46752	41271	52378	55386	11400	19845	37124	44492	64954	31136	41455	38177	23371	15978	44162	46277	32735	69153	23591	22449	57743	70728	13486	67388	48759	43210		39403	18050	43285		79746	26236		47125	109323	35212	32415	18820	44791	22230	29791	59795	74391	38236	18427	41949	71551	65079	53249	27095	44930		52673	45472	25666	136803	35338	24791	18398	20990
Oxalic Acid (89.0 / 61.0)	 Glyoxylate and dicarboxylate metabolism 		54387		64401	39724	20487	79802	97006			32957	46256	59748	69723		60257	117157			67033	43085	79687		60357	28792			66767	36744	33131		41993		52124	125802	40607	33101		25235	64755	56085	30995	38742	51032		23186	51635	27971	34888	103252	107680	83608	119559	74617	84833	72621	28264		54166	29082	61725	67853	37098	19056	17924
Acetoacetate (101.0 / 57.0)	Ketone 	238407	262962	260674	314388	165275	274590	258188	2376791	182448	246954	443709	367618	278634	249922	218018	256138	642549	353372	146916	853363	330380	292548	412669	366547	254715	144465	393784	349947	189789	234120	162037	193392	157143	658553	1225923	1205438	273713	210991	178190	649857	211227	217976	518493	188198	143322	149921	169080	179996	148615	500266	303966	398782	339089	1620827	315125	237729	207184	248073	202014	151069	723268	277164	238250	211721	131623
Putrescine (89.0 / 72.0)	Polyamine Metabolism 	201089	1796094	903863	2231921	1228405	597112	2686347	1784151	543755	417942	2246894	1594201	2004812	1658680	237055	2266405	3082010	779063	533554	978069	1815136	3805987	411709	2429841	975490	359730	682383	1390071	1044982	499937	707308	433466	853392	653566	3257010	881791	856626	314772	652966	852732	1690430	1193510	1301869	847596	763259	537052	1315936	541186	1500785	2167880	1684587	1051141	1282817	1135529	1872652	1524811	1380093	388929	1740560	492384	856037	1103709	1487748	526747	323611
Agmanite (131.0 / 72.0)	Polyamine Metabolism 	43382	116362	84237	146555	121065	74165	166258	134235	85685	59288	117949	120114	141042	139093	69631	146197	93447	76417	72961	78404	86908	172694	55621	96093	105647	44135	96842	114301	92744	53128	77772	81648	84556	63793	52901	81924	86701	59938	90116	78787	118558	66403	58464	109415	84376	67190	94533	82239	96164	102803	133678	92187	122054	79641	110282	132423	20984	35566	109258	86683	71515	79328	117752	60730	59863
N-Acetylputrescine (131.0 / 114.0)	Polyamine Metabolism 	41418	251281	220533	106350	142305	283789	208435	264429	53575	55394	378423	240280	295781	197655	99211	212584	1937089	114380	63538	29417	438933	358696	54893	1119009	123726	27142	82807	92766	126463	60658	47719	54957	94017	40477	1685742		158253	54500	127279	21233	97209	504877	783851	211396	32920	154646	179711	89668	172827	1360534	311068		225679	29655	536907	171554	1699768	25088	360808	140408		28516	65155	122020	102763
Spermidine (146.0 / 72.0)	Polyamine Metabolism 	507119	14961080	8630716	3611793	5600782	1173769	12092634	9214346	18722668	499057	12020488	5916962	2931996	6657763	364260	13445733	15654732	4924507	946519	73354490	4517899	12268711	7097130	27307410	2054499	8480701	7630811	1700408	1636957	8565068	675531	179359	135873	45652849	11657922	15678445	832552	1369515	507465	51943782	1507196	20907319	13244125	3148747	1342341	528922	7911638	508851	4933691	19918018	7659602	18423846	4673514	50904413	17977046	5093773	3716571	14303624	4895187	1043773	54135754	16797583	1603876	1791701	303876
Spermine (203.1 / 129.0)	Polyamine Metabolism 																																																																	
Adipic Acid (144.9 / 83.0)	Caprolactam degradation																																																																	
Mevalote (147.0 / 59.0)	 Terpenoid backbone biosynthesis 																																																																	
Ribose-5-P (229.0 / 79.0)	Pentose phosphate pathway	2460300	6019058	2389514	10912638	1930861	2381691	7017621	22205669	8638517	8006460	5085571	4459956	5383272	4465558	5264496	5087343	3775161	22343023	1228576	46994389	5668360	7963026	15786610	5073636	5458167	2570339	19778047	8232073	3488411	4854149	5949546	5721360	6540437	22620466	8110398	26966893	11828025	6953436	3932110	22913945	9452936	4421604	8018839	4325587	6377479	3912529	4668739	4769822	4515100	2053453	9512228	22338585	17400389	59408799	7585874	5953503	1552867	9150139	8436834	7022962	24043287	30938616	10034945	9890028	3691056
Dopamine (152.0 / 122.0)	Adreline Metabolism																																																																	
Geranyl Pyrophosphate (313.1 / 79.1)	 Ubiquinone and other terpenoid-quinone biosynthesis 																																																																	
Gibberellin (345.2 / 144.2)	 Diterpenoid biosynthesis 																																																																	
Folic Acid (440.1 / 311.0)	One carbon pool by folate		20006		20701				22202			25442	19167					16810					18195						19113	19634						51045								23655	20603					19994		24217		16200	22989											
Methyl-OH-isobutyrate (117.0 / 85.0)	Carboxylic acid derivatives																																																																	
Cotinine (177.0 / 80.0)	Nicotine Metabolism																																																																	
3C13-Glycine (79.0 / 32.1)	 (Stable-Isotope Labeled Interl Standard)																																																																	
4C13-Alanine (94.0 / 47.0)	 (Stable-Isotope Labeled Interl Standard)																																																																	
2C13-Choline (106.0 / 60.0)	 (Stable-Isotope Labeled Interl Standard)																																																																	
4C13-Serine (110.0 / 63.0)	 (Stable-Isotope Labeled Interl Standard)																																																																	
d3-Creatinine (117.0 / 47.0)	 (Stable-Isotope Labeled Interl Standard)																																																																	
6C13-Proline (122.0 / 75.0)	 (Stable-Isotope Labeled Interl Standard)																																																																	
6C13-Valine (124.0 / 77.0)	 (Stable-Isotope Labeled Interl Standard)																																																																	
5C13-Threonine (125.0 / 78.0)	 (Stable-Isotope Labeled Interl Standard)																																																																	
5C13-Aspartic Acid (139.0 / 77.0)	 (Stable-Isotope Labeled Interl Standard)																																																																	
6C13-Asparagine (139.0 / 77.0 (2))	 (Stable-Isotope Labeled Interl Standard)																																																																	
7C13-Leucine (139.0 / 92.0)	 (Stable-Isotope Labeled Interl Standard)																																																																	
7C13-iso-Leucine (139.0 / 92.0 (2))	 (Stable-Isotope Labeled Interl Standard)																																																																	
2C13-Glutamic acid (150.0 / 85.0)	 (Stable-Isotope Labeled Interl Standard)	15305701	13624607	14318947	12030947	13551198	14790840	12577530	12182142	13988317	15903917	12379494	13038267	10903602	12653929	16517074	11933937	13286984	13226574	14006752	24248021	12598006	8730287	17391093	12321284	13590596	19009149	12529752	12092326	12631904	16239966	13035144	12784908	12912038	28513643	13813376	22349612	13232213	13245183	13122064	25886410	11593573	12045550	12988929	12128925	12131280	12644356	11863484	12425604	12111210	12613522	10440364	14064917	9777299	16958824	11311923	10768744	13474033	24357390	10698064	12308358	21186912	13401527	11303941	12683288	12929005
7C13-Glutamine (154.0 / 89.0)	 (Stable-Isotope Labeled Interl Standard)																																																																	
6C13-Glutamic acid (154.0 / 89.0 (2))	 (Stable-Isotope Labeled Interl Standard)																																																																	
8C13-Lysine (155.0 / 90.0)	 (Stable-Isotope Labeled Interl Standard)																																																																	
6C13-Methionine (156.0 / 63.0)	 (Stable-Isotope Labeled Interl Standard)																																																																	
9C13-Histidine (165.0 / 118.0)	 (Stable-Isotope Labeled Interl Standard)																																																																	
10C13-Phenylalanine (176.0 / 129.0)	 (Stable-Isotope Labeled Interl Standard)																																																																	
213C-Tyrosine (184.1 / 138.0)	 (Stable-Isotope Labeled Interl Standard)	14985666	12573839	14135731	10902763	13326239	13409570	11000728	11915156	14683377	13567546	12172080	12540413	11854657	11733061	11699055	11281286	13530942	13500000	14540213	4590821	12461418	10923333	12141764	12488795	13018372	10000257	13165898	11567266	11764558	11439761	13197923	10966906	12807616	4575707	12458677	5792804	11748858	13643216	12506988	3747021	11203257	11965036	13217377	10991375	13307572	11914892	11409210	11063992	12038197	13637966	9973420	7060893	8595352	4306592	10753729	9666397	13929638	5419133	10739546	10565319	3645078	9127693	11385663	10956572	11275159
10C13-Arginine (185.1 / 75.0)	 (Stable-Isotope Labeled Interl Standard)																																																																	
1013C-Tyrosine (192.1 / 145.0)0	 (Stable-Isotope Labeled Interl Standard)																																																																	
13C13-Tryptophan (218.1 / 156.0)	 (Stable-Isotope Labeled Interl Standard)																																																																	
8C13-Cystine (249.1 / 124.0)	 (Stable-Isotope Labeled Interl Standard)																																																																	
11C13-Uridine (256.2 / 119.1)	 (Stable-Isotope Labeled Interl Standard)																																																																	
3C13-Lactate (92.0 / 45.0)	 (Stable-Isotope Labeled Interl Standard)	23692104	19247823	21953334	18228834	19765435	21094415	17489410	16585732	22025029	23352471	20828848	19491563	19645961	19028797	21075291	18317956	17519587	20553463	22237329	14989554	19657817	17747041	20251783	19002253	19882927	20792992	20818318	19528396	19309318	19922021	21482444	19086676	19430998	16918940	16257000	16589243	20098724	21295449	21566363	15052909	18094468	20576279	20906793	19649661	20032661	20949929	18652031	20376473	19320874	17826831	17138128	17268260	15005719	14201262	17645326	17065956	20801686	18194240	19125574	20091384	15725626	17584014	18649442	20702824	21481972
4C13-3HBA (107.0 / 61.0)	 (Stable-Isotope Labeled Interl Standard)																																																																	
5C13-Alpha-Ketoglutaric Acid (150.0 / 105.0)	 (Stable-Isotope Labeled Interl Standard)																																																																	
2N15-Xanthine (153.0 / 109.0)	 (Stable-Isotope Labeled Interl Standard)																																																																	
2N15-Urate (169.0 / 125.0)	 (Stable-Isotope Labeled Interl Standard)																																																																	
1C13-Citrulline (175.0 / 131.0)	 (Stable-Isotope Labeled Interl Standard)																																																																	
13C-Glucose (185.0 / 92.0)	 (Stable-Isotope Labeled Interl Standard)	9025608	6252353	7093987	6040754	6860914	6792542	6158790	6099783	8962523	7720297	5695989	6140018	6302285	5810935	7613460	5814820	6474634	8478877	8529869	4880057	6383622	5160759	7722344	5922273	8002135	7576158	7725533	6632407	6956609	8519080	8209864	6497168	8077210	6308963	6817478	7113056	6990871	7797861	6898827	5302513	6765877	6450155	6896870	6325587	7747464	7086360	7275331	6248817	6633088	8216670	5363973	5587972	5636440	5118181	5875651	5061446	8060691	7065270	6461284	6865119	5918082	6913374	6891186	7709880	6846204
4C13-Pentothete (222.1 / 92.0)	 (Stable-Isotope Labeled Interl Standard)																																																																	
3C13-Reduced glutathione (309.3 / 146.1)	 (Stable-Isotope Labeled Interl Standard)																																																																	
